idade,imc,filhos,encargos,gênero_masculino,fumante_sim,região_sudoeste
56.0,29.774373714007336,2.0,31109.88976,False,True,True
3423336.0,26.215536120957054,1.0,26406.543419999998,False,False,False
46.0,25.857394655216343,1.0,26650.7026,True,False,False
46642694.0,26.215536120957054,1.0,26406.543419999998,False,False,False
32.0,23.014839993647488,0.0,21459.0379,True,False,True
9039332.0,26.215536120957054,1.0,26406.543419999998,False,False,False
